"DESCRIPTION","DURATION IN MS","NAME","PARENT SUITE","START TIME","STATUS","STOP TIME","SUB SUITE","SUITE","TEST CLASS","TEST METHOD"
"","81","createUserWithoutPasswordTest","","2026-07-21","passed","2026-07-21","","tests.CreateUserWithoutRequiredFieldTest","tests.CreateUserWithoutRequiredFieldTest","createUserWithoutPasswordTest"
"","89","loginWithIncorrectDataTest","","2026-07-21","passed","2026-07-21","","tests.LoginUserTest","tests.LoginUserTest","loginWithIncorrectDataTest"
"","84","createUserWithoutEmailTest","","2026-07-21","passed","2026-07-21","","tests.CreateUserWithoutRequiredFieldTest","tests.CreateUserWithoutRequiredFieldTest","createUserWithoutEmailTest"
"","185","createUniqueUserTest","","2026-07-21","passed","2026-07-21","","tests.CreateUserTest","tests.CreateUserTest","createUniqueUserTest"
"","197","createOrderWithIncorrectIngredientHashTest","","2026-07-21","passed","2026-07-21","","tests.CreateOrderTest","tests.CreateOrderTest","createOrderWithIncorrectIngredientHashTest"
"","5851","createOrderWithoutAuthorizationTest","","2026-07-21","passed","2026-07-21","","tests.CreateOrderTest","tests.CreateOrderTest","createOrderWithoutAuthorizationTest"
"","340","loginWithExistingUserTest","","2026-07-21","passed","2026-07-21","","tests.LoginUserTest","tests.LoginUserTest","loginWithExistingUserTest"
"","4135","createOrderWithAuthorizationTest","","2026-07-21","passed","2026-07-21","","tests.CreateOrderTest","tests.CreateOrderTest","createOrderWithAuthorizationTest"
"","82","createOrderWithoutIngredientsTest","","2026-07-21","passed","2026-07-21","","tests.CreateOrderTest","tests.CreateOrderTest","createOrderWithoutIngredientsTest"
"","81","createOrderWithIngredientsTest","","2026-07-21","passed","2026-07-21","","tests.CreateOrderTest","tests.CreateOrderTest","createOrderWithIngredientsTest"
"","243","createAlreadyRegisteredUserTest","","2026-07-21","passed","2026-07-21","","tests.CreateUserTest","tests.CreateUserTest","createAlreadyRegisteredUserTest"
"","87","createUserWithoutNameTest","","2026-07-21","passed","2026-07-21","","tests.CreateUserWithoutRequiredFieldTest","tests.CreateUserWithoutRequiredFieldTest","createUserWithoutNameTest"
